Workbook

Sheet Read Me
B2: CardioX — EXE Release Verification
B3: Acceptance test workbook for the packaged executable and installer
B5: How to use | C5: Work through the 'EXE Checklist' sheet top to bottom. Set a Result on every row. The Summary sheet totals itself as you go.
B6: Result values | C6: PASS · FAIL · N/A · BLOCKED — pick from the dropdown in the Result column. Cells colour themselves.
B7: Blocking layers | C7: AUT, BLD, INS, LNC, LIC and SEC must be 100% PASS. No exceptions — these are ship-stopping.
B8: Order matters | C8: Later sections assume earlier ones passed. Do not skip ahead.
B9: Before you start | C9: Fill in the Environment sheet, and reset the machine: uninstall CardioX and delete %LOCALAPPDATA%\Deckmount\CardioX.
B10: Failures | C10: Log every FAIL on the Defect Log sheet and put its number in the Defect # column.
B11: Android | C11: The 'Android (KRP)' sheet covers ReportScreen.kt — the Android report screen and PDF export. It is tested separately from the desktop EXE.
B12: Source of truth | C12: Generated from docs/EXE_TEST_CHECKLIST.md and docs/ReportScreen_kt.md. Edit the markdown, then re-run docs/generate_checklist_docs.py.
B14: Sheets
B15: Environment | C15: Machine, build and tester details — fill in first
B16: EXE Checklist | C16: 189 checks across the desktop release
B17: Android (KRP) | C17: 40 checks for ReportScreen.kt
B18: Summary | C18: Live per-layer PASS/FAIL totals and the release verdict
B19: Defect Log | C19: One row per failure
B20: Sign-off | C20: Approval signatures

Sheet Environment
B2: Test environment
B3: A checklist result is meaningless without this.
B5: Field | C5: Value
B6: Build version (src/version.py → APP_VERSION)
B7: Update channel
B8: Installer filename
B9: Installer SHA-256
B10: Build machine OS / Python version
B11: Test machine OS / build
B12: RAM / CPU / logical threads
B13: Environment matrix row (A minimum / B typical / C fresh)
B14: RhythmUltra serial under test
B15: Licence server URL baked into .env
B16: Tester name
B17: Date started
... B21: Environment matrix
B22: A — Minimum | C22: <=8 GB RAM, i3 / <=4 logical threads — triggers is_low_spec_mode()
B23: B — Typical | C23: 16 GB RAM, i5/i7, integrated GPU — the mainstream clinic machine
B24: C — Fresh Windows | C24: No Python, no MSVC redistributables — proves the bundle is complete

Sheet EXE Checklist
A1: CardioX EXE — release verification
A2: Set a Result on every row. Blocking layers must be 100% PASS.
A4: ID | B4: Layer | C4: Blocking | D4: Check | E4: Detail / expected result | F4: Result | G4: Tester | H4: Date | I4: Defect # | J4: Notes
A5: Test environment preparation
A6: PREP-01 | B6: Test environment preparation | D6: Uninstall any existing CardioX (Settings → Apps, or {app}\unins000.exe)
A7: PREP-02 | B7: Test environment preparation | D7: Delete the runtime workspace %LOCALAPPDATA%\Deckmount\CardioX — this is where runtime_dir() in src/utils/app_paths.py stores the | E7: licence token, users.json, ecg_settings.json, reports, logs and the offline queue. Leaving it behind hides first-run bugs.
A8: PREP-03 | B8: Test environment preparation | D8: Confirm %ProgramFiles%\CardioX is gone
A9: PREP-04 | B9: Test environment preparation | D9: Unplug the RhythmUltra device (device-absent paths are tested first)
A10: Automated unit tests
A11: AUT-01 | B11: Automated unit tests | C11: YES | D11: Full suite green | E11: Expected: 180 passed, 7 subtests passed and exit code 0. (Verified on 2026-08-18: 180 passed in 55.33 s.)
A12: AUT-02 | B12: Automated unit tests | C12: YES | D12: python -m pytest tests/test_cardiox_prod.py -q → 76 passed
A13: AUT-03 | B13: Automated unit tests | C13: YES | D13: python -m pytest tests/test_history_and_hyperkalemia.py -q → 104 passed
A14: AUT-04 | B14: Automated unit tests | C14: YES | D14: Suite completes with no display server, no RhythmUltra attached and no network — headless is a hard requirement, because CI has | E14: none of the three.
A15: Build verification
A16: BLD-01 | B16: Build verification | C16: YES | D16: build_release.ps1 regenerates src/version.py with the requested APP_VERSION, UPDATE_CHANNEL and GITHUB_REPOSITORY before | E16: compiling.
A17: BLD-02 | B17: Build verification | C17: YES | D17: PyInstaller stage exits 0 | E17: Any non-zero exit throws "EXE build failed" and must stop the release.
A18: BLD-03 | B18: Build verification | C18: YES | D18: Secret gate holds | E18: _stage_env_for_distribution() in build_exe.py must not print a refusal. Deliberately prove the gate is live: add TEST_SECRET_KEY=abc to .env, rebuild, and confirm the build aborts with "REFUSING TO BUILD — unvetted secret(s) would ship inside the installer". Remove the line and rebuild before continuing.
A19: BLD-04 | B19: Build verification | C19: YES | D19: The staged .env inside dist\CARDIOX\ contains only vetted keys | E19: Diff it against _DIST_ENV_KNOWN_SHIPPED (build_exe.py:115). Any server-side secret present here is a release blocker.
A20: BLD-05 | B20: Build verification | C20: YES | D20: LICENSE_SERVER_URL in the staged .env points at the production gateway, not localhost | E20: Overridable at build time via BUILD_LICENSE_SERVER_URL.
A21: BLD-06 | B21: Build verification | C21: YES | D21: dist\CARDIOX\CARDIOX.exe exists, is --windowed (no console window on launch) and carries the multi-resolution icon from | E21: assets/cardiox_logo.ico.
A22: BLD-07 | B22: Build verification | C22: YES | D22: File properties → Details shows the expected version string
A23: BLD-08 | B23: Build verification | C23: YES | D23: Bundled data present under dist\CARDIOX\_internal\: | E23: assets\, config\ (must contain clinical_config.yaml). Why: without PyYAML + clinical_config.yaml the frozen app silently falls back to Python defaults and every arrhythmia reads "Rhythm Undetermined" — see the comment at build_exe.py:345.
A24: BLD-09 | B24: Build verification | C24: YES | D24: No stale spec used: | E24: the spec is written to build\, not the repo root (--specpath=build). Confirm build\CARDIOX.spec has this run's timestamp.
A25: BLD-10 | B25: Build verification | C25: YES | D25: Excluded frameworks really are absent from _internal: | E25: PyQt6, PySide2, PySide6, notebook, IPython, jinja2.
A26: BLD-11 | B26: Build verification | C26: YES | D26: Inno Setup stage produces dist\installers\Setup_CARDIOX_<version>.exe | E26: A missing ISCC.exe prints "Setup build could not be completed" — install Inno Setup 6 and rerun.
A27: BLD-12 | B27: Build verification | C27: YES | D27: Record the installer SHA-256 in §2
A28: Installer
A29: INS-01 | B29: Installer | C29: YES | D29: Installer requires elevation (PrivilegesRequired=admin) and shows the UAC prompt
A30: INS-02 | B30: Installer | C30: YES | D30: EULA page displays installer/EULA.txt; declining cancels the install cleanly
A31: INS-03 | B31: Installer | C31: YES | D31: Default install directory is {autopf}\CardioX (i.e | E31: C:\Program Files\CardioX).
A32: INS-04 | B32: Installer | C32: YES | D32: The whole dist tree is copied recursively — {app}\_internal\ is present, not just the EXE
A33: INS-05 | B33: Installer | C33: YES | D33: Start Menu group CardioX created with the app entry and Uninstall CardioX
A34: INS-06 | B34: Installer | C34: YES | D34: Desktop icon created only when the "Create a desktop icon" task is ticked
A35: INS-07 | B35: Installer | C35: YES | D35: Both shortcuts show the CardioX logo, not a generic or Python icon, and set WorkingDir to {app}
A36: INS-08 | B36: Installer | C36: YES | D36: The post-install "Launch CardioX" checkbox starts the app successfully
A37: INS-09 | B37: Installer | C37: YES | D37: Silent install Setup_CARDIOX_<v>.exe /VERYSILENT /NORESTART completes and does not auto-launch (skipifsilent)
A38: INS-10 | B38: Installer | C38: YES | D38: Re-running the installer over an existing install upgrades in place without orphaning files in _internal
A39: First launch / cold start
A40: LNC-01 | B40: First launch / cold start | C40: YES | D40: Double-clicking the desktop shortcut on a clean machine (row C) shows the CardioX window | E40: No Python traceback, no missing-DLL dialog, no console flash.
A41: LNC-02 | B41: First launch / cold start | C41: YES | D41: Runtime workspace is created outside Program Files | E41: After first launch, %LOCALAPPDATA%\Deckmount\CardioX exists and contains reports\, logs\, offline_queue\, temp\, src\. Why: _prepare_runtime_workspace() (src/main.py:78) must relocate all writes; writing under Program Files fails for standard users.
A42: LNC-03 | B42: First launch / cold start | C42: YES | D42: Seed files copied into the workspace on first run: | E42: .env, customer_channels.json, users.json, ecg_settings.json, last_conclusions.json, src\users.json, src\ecg_settings.json.
A43: LNC-04 | B43: First launch / cold start | C43: YES | D43: Nothing is written under C:\Program Files\CardioX | E43: during a full session. Verify with Process Monitor filtered on Path contains CardioX + Operation is WriteFile, or by checking that no file under {app} has a modified timestamp later than install time.
A44: LNC-05 | B44: First launch / cold start | C44: YES | D44: Run the app as a standard (non-admin) user | E44: It launches and can save a report.
A45: LNC-06 | B45: First launch / cold start | C45: YES | D45: The Windows taskbar groups the window under the CardioX icon (AppUserModelID = CardioX.1.1.0), not under a Python interpreter | E45: icon.
A46: LNC-07 | B46: First launch / cold start | C46: YES | D46: A second launch while the app is running does not open a second instance; the existing window is raised (single-instance socket | E46: in main()).
A47: LNC-08 | B47: First launch / cold start | C47: YES | D47: Cold start time from double-click to a usable login screen is recorded here: ______ s
A48: LNC-09 | B48: First launch / cold start | C48: YES | D48: %LOCALAPPDATA%\Deckmount\CardioX\logs\ receives a log file with no ERROR/Traceback entries from a clean start
A49: Licensing & device authorization
A50: LIC-01 | B50: Licensing & device authorization | C50: YES | D50: Rule 1 — Signup | E50: A fresh install with no token shows Sign Up. Completing it creates the account server-side and shows the generated credentials once.
A51: LIC-02 | B51: Licensing & device authorization | C51: YES | D51: cardiox.lic is written into the runtime workspace and carries the RhythmUltra serial that was connected at signup
A52: LIC-03 | B52: Licensing & device authorization | C52: YES | D52: No double registration | E52: Sign up once, then log in and out three times. The server must still show one active seat for this machine. (Regression: the old build called /register twice, which deactivated the first seat and made every later heartbeat answer SEAT_INACTIVE.)
A53: LIC-04 | B53: Licensing & device authorization | C53: YES | D53: Rule 2 — 5 seats per device | E53: Register the same RhythmUltra serial from five different machines (or fingerprints); all five succeed. The sixth is refused with a device-limit dialog, not a generic error.
A54: LIC-05 | B54: Licensing & device authorization | C54: YES | D54: Rule 3 — Revocation stops the software | E54: Revoke the seat server-side, restart the app. Expected: login blocked, message naming revocation and pointing at Deckmount support, local credentials wiped, user returned to Sign Up.
A55: LIC-06 | B55: Licensing & device authorization | C55: YES | D55: Both server codes — LICENSE_REVOKED and ACCOUNT_REVOKED — produce the same user-facing wording
A56: LIC-07 | B56: Licensing & device authorization | C56: YES | D56: Rule 4 — Revoked user cannot re-register | E56: ⚠️ Known gap: not enforced in cardiox-license-register. Record the observed behaviour and confirm the defect is still tracked; do not mark PASS on the current backend.
A57: LIC-08 | B57: Licensing & device authorization | C57: YES | D57: Rule 5 — Seat release re-opens registration | E57: Run both SQL statements from the README (update license_seats and flip licenses.status back to unused). The user can then register again. Running only the first statement must be shown to strand the key — verify this, because it is the mistake the runbook exists to prevent.
A58: LIC-09 | B58: Licensing & device authorization | C58: YES | D58: Rule 6 — 7-day offline grace | E58: Disconnect the network. The app keeps working for 7 days (adjust the system clock or the stored timestamp to test). On day 8 it stops.
A59: LIC-10 | B59: Licensing & device authorization | C59: YES | D59: Rule 7 — 3-day warning | E59: On each launch during the final 3 days, a warning states that internet is required for verification or the software will stop.
A60: LIC-11 | B60: Licensing & device authorization | C60: YES | D60: Rule 8 — Grace expiry never wipes credentials | E60: After grace expires, users.json still contains every local record. Reconnecting the network restores access with no re-registration. This is the hard line: users.json is shared clinical data.
A61: LIC-12 | B61: Licensing & device authorization | C61: YES | D61: Gate fails closed | E61: Force an exception inside the licence gate (e.g. point LICENSE_SERVER_URL at an unroutable address with no cached grace). The app must deny access, never fall through to the dashboard.
A62: LIC-13 | B62: Licensing & device authorization | C62: YES | D62: Stale-seat self-repair is silent | E62: Corrupt/expire the token, then log in with valid credentials. resync_token_from_credentials() refreshes from /validate and the checks re-run with no dialog and no "device seat was not found" prompt offering to wipe the licence.
A63: LIC-14 | B63: Licensing & device authorization | C63: YES | D63: SEAT_INACTIVE is not treated as revocation — the local account survives it
A64: LIC-15 | B64: Licensing & device authorization | C64: YES | D64: Check-5 heartbeat is unconditional | E64: With a valid local token present and the network up, confirm the heartbeat still fires. Making it conditional on local state silently disables revocation enforcement entirely.
A65: LIC-16 | B65: Licensing & device authorization | C65: YES | D65: Dev auto-login is off by default | E65: Without CARDIOX_DEV_AUTOLOGIN set, no credential is pre-filled and no bypass exists in the shipped EXE.
A66: LIC-17 | B66: Licensing & device authorization | C66: YES | D66: Signup failure dialogs are specific: | E66: device limit, revoked, and server-unreachable each produce a distinct message.
A67: LIC-18 | B67: Licensing & device authorization | C67: YES | D67: Login is concurrent, not sequential | E67: Measure sign-in wall time. Expected ≈ 4.5 s, not ≈ 8.5 s — the heartbeat and the credential check now run in parallel. Record: ______ s.
A68: Device / hardware
A69: DEV-01 | B69: Device / hardware | D69: With no device attached, the dashboard reports "not connected" and does not crash
A70: DEV-02 | B70: Device / hardware | D70: Plugging in the RhythmUltra is detected without restarting the app; the serial and firmware version are displayed
A71: DEV-03 | B71: Device / hardware | D71: Hardware lock | E71: Attach a RhythmUltra whose serial differs from the one in cardiox.lic. Acquisition must be refused in all three modules — 12-Lead, HRV, Hyperkalemia.
A72: DEV-04 | B72: Device / hardware | D72: Unplugging mid-capture is handled gracefully: | E72: acquisition stops, an error is shown, no crash, no half-written recording.
A73: DEV-05 | B73: Device / hardware | D73: Re-plugging after DEV-04 restores acquisition without an app restart
A74: DEV-06 | B74: Device / hardware | D74: COM port enumeration works on a machine with several serial devices present (pyserial + serial.tools.list_ports.windows are | E74: bundled — see BLD-08).
A75: 12-Lead ECG module
A76: ECG-01 | B76: 12-Lead ECG module | D76: 12-Lead window opens from the dashboard and all 12 traces render
A77: ECG-02 | B77: 12-Lead ECG module | D77: Live trace scrolls smoothly, newest sample on the right, no black speckle inside the line (mode='subsample', not 'peak')
A78: ECG-03 | B78: 12-Lead ECG module | D78: Trace colour #00FF00 at 2.0 px, matching HRV and Hyperkalemia
A79: ECG-04 | B79: 12-Lead ECG module | D79: Top-bar metrics (HR, PR, QRS, QTc) populate within a few seconds and are physiologically plausible against a known signal source
A80: ECG-05 | B80: 12-Lead ECG module | D80: No 260 BPM startup spike | E80: Watch the first 5 seconds after starting capture. The startup lockout (12 beats, 3.0 s minimum) must suppress the flat-buffer transient.
A81: ECG-06 | B81: 12-Lead ECG module | D81: Lead-off resets metrics | E81: Disconnect a lead: heart_rate, pr_interval, qrs_duration, qtc_interval all go to 0 / -- immediately, and the red disconnection alert appears.
A82: ECG-07 | B82: 12-Lead ECG module | D82: Resume during lead-off | E82: Freeze, disconnect a lead, press Resume — metrics reset to 0 BPM / 0 ms / -- instantly and the alert stays active.
A83: ECG-08 | B83: 12-Lead ECG module | D83: A report frozen during lead disconnection prints 0 for every interval metric, not stale values
A84: ECG-09 | B84: 12-Lead ECG module | D84: No fabricated fallbacks | E84: With fewer than 2 R-peaks or a flat signal, the display shows 0, never the old 60 BPM / 160/148 ms PR defaults.
A85: ECG-10 | B85: 12-Lead ECG module | D85: RA disconnection invalidates chest leads | E85: Detach RA. V1–V6 must flatline and be listed in the red "Leads Off" indicator — not show floating WCT noise. (Root cause: chest leads reference Wilson's Central Terminal (RA+LA+LL)/3; the hardware still reports connected = True because the chest electrodes are physically attached.)
A86: ECG-11 | B86: 12-Lead ECG module | D86: No lead-off false positives on clean signal | E86: Run 15 minutes of clean acquisition with all leads attached. Zero spurious lead-off verdicts, and in particular aVR, III and aVF are never marked disconnected. This is the check that matters most: a lead-off verdict substitutes a constant into the display, the analysis buffer and the recording, so a false positive prints a flat strip into a clinical report.
A87: ECG-12 | B87: 12-Lead ECG module | D87: True disconnection is still detected within ~1 s for flat, dithered-flat, rail-clipped and runaway-noise conditions
A88: ECG-13 | B88: 12-Lead ECG module | D88: Freeze / Resume cycle preserves the frozen waveform exactly and resumes live data cleanly
A89: ECG-14 | B89: 12-Lead ECG module | D89: Settings-screen filter changes (AC 50/60 Hz, EMG, baseline) take effect on the 12-Lead display | E89: (12-Lead is the only module that follows the settings screen — see HRV-05/HYP-07.)
A90: HRV module
A91: HRV-01 | B91: HRV module | D91: HRV window opens and the trace renders
A92: HRV-02 | B92: HRV module | D92: Scrolling, not raster sweep | E92: The trace scrolls with the newest sample pinned right. The old CRT-style eraser bar (80 samples + 14 px black pen) must be gone — no moving blank gap.
A93: HRV-03 | B93: HRV module | D93: No black speckle inside the line (ds=1, auto=False, mode='subsample')
A94: HRV-04 | B94: HRV module | D94: Time-domain metrics (SDNN, rMSSD, pNN50) and intervals (PR, QRS, QT, QTc) populate and are plausible
A95: HRV-05 | B95: HRV module | D95: Filters are fixed at AC 50 Hz / EMG 25 Hz / baseline 0.5 Hz on screen and in the report, regardless of the settings screen
A96: HRV-06 | B96: HRV module | D96: BPM source is correct | E96: The displayed HR matches calculate_ecg_metrics() → calculate_hr_rr() (Pan-Tompkins → median RR). A ~151 BPM display against a real ~83 BPM signal means HolterBPMController has crept back in as the primary source.
A97: HRV-07 | B97: HRV module | D97: The value in the PDF and in hyper_metric.json matches the on-screen HR exactly
A98: HRV-08 | B98: HRV module | D98: Lead-off zeroes metrics | E98: Disconnect all leads: HR/RR/PR/QRS/QT/QTc reset to 0, smoothing buffers clear, labels read 0 BPM / 0 ms, and the bold red "No ECG signal detected. Check patient leads." label appears left of the status indicator.
A99: HRV-09 | B99: HRV module | D99: The canvas still shows a flatline during disconnection (raw buffering is retained)
A100: HRV-10 | B100: HRV module | D100: NaN never breaks the line | E100: Inject or provoke a non-finite sample; the trace holds the last good value rather than writing NaN into the sweep buffer. With connect='finite', a single NaN would otherwise sever the trace.
A101: HRV-11 | B101: HRV module | D101: Trace colour #00FF00 at 2.0 px
...

Sheet Android (KRP)
A1: ReportScreen.kt — Android report screen
A2: Verification for the Android ECG report renderer and PDF export.
A4: ID | B4: Layer | C4: Group | D4: Blocking | E4: Check | F4: Detail / expected result | G4: Result | H4: Tester | I4: Date | J4: Defect # | K4: Notes
A5: Verification checklist
A6: KRP-01 | B6: Verification checklist | C6: Rendering | E6: All three layouts render: | F6: "1x12", "2x6", "3x4".
A7: KRP-02 | B7: Verification checklist | C7: Rendering | E7: An unrecognised layout string falls back to "2x6" rather than crashing
A8: KRP-03 | B8: Verification checklist | C8: Rendering | E8: Grid is 1 mm minor / 5 mm major and spans the full page edge to edge
A9: KRP-04 | B9: Verification checklist | C9: Rendering | E9: Every lane shows its calibration pulse: | F9: 9 mm wide, 10 mm tall.
A10: KRP-05 | B10: Verification checklist | C10: Rendering | E10: Every lane shows its lead label above the trace
A11: KRP-06 | B11: Verification checklist | C11: Rendering | E11: A missing lead key renders an empty lane — label and calibration intact, no crash
A12: KRP-07 | B12: Verification checklist | C12: Rendering | E12: A single-sample lead list renders nothing and does not throw
A13: KRP-08 | B13: Verification checklist | C13: Rendering | E13: The 2×6 rhythm strip uses lead II from leadData5000 and spans the full 10 s
A14: KRP-09 | B14: Verification checklist | C14: Geometry — the checks that need a ruler | E14: Exported PDF printed at 100 % scale: | F14: one large grid box measures 5.0 mm.
A15: KRP-10 | B15: Verification checklist | C15: Geometry — the checks that need a ruler | E15: The calibration pulse measures 10 mm tall and 5 mm across its top segment
A16: KRP-11 | B16: Verification checklist | C16: Geometry — the checks that need a ruler | E16: A 1 mV deflection in the trace measures 10 mm — one large box
A17: KRP-12 | B17: Verification checklist | C17: Geometry — the checks that need a ruler | E17: One second of signal spans 25 mm — five large boxes
A18: KRP-13 | B18: Verification checklist | C18: Geometry — the checks that need a ruler | E18: No strip is clipped: | F18: the last sample of each stream is visible within its lane.
A19: KRP-14 | B19: Verification checklist | C19: Geometry — the checks that need a ruler | E19: Nothing overflows the page in either orientation, including a long organisation name
A20: KRP-15 | B20: Verification checklist | C20: Header and footer | E20: Blank patient fields render as -, not as an empty gap or null
A21: KRP-16 | B21: Verification checklist | C21: Header and footer | E21: The spec line reads 25.0 mm/s 0.5-25 Hz AC:<n>Hz 10.0 mm/mV
A22: KRP-17 | B22: Verification checklist | C22: Header and footer | E22: RV5, SV1 and the index print to 3 decimal places
A23: KRP-18 | B23: Verification checklist | C23: Header and footer | E23: RV5 + SV1 ≥ 3.5 appends *; below the threshold it does not
A24: KRP-19 | B24: Verification checklist | C24: Header and footer | E24: The footer shows the last 4 characters of machineSerial and is horizontally centred
A25: KRP-20 | B25: Verification checklist | C25: Header and footer | E25: hr <= 0 prints exactly "No ECG data available" in the conclusion box and nothing else
A26: KRP-21 | B26: Verification checklist | C26: Header and footer | E26: Blank conclusions and "---" are filtered out
A27: KRP-22 | B27: Verification checklist | C27: Header and footer | E27: Conclusions stay inside the box border in both orientations; numbering is sequential from 1
A28: KRP-23 | B28: Verification checklist | C28: Interaction | E28: The spinner and "Rendering ECG report…" appear, then resolve to the report
A29: KRP-24 | B29: Verification checklist | C29: Interaction | E29: Pinch-zoom clamps at 0.5× and 8×
A30: KRP-25 | B30: Verification checklist | C30: Interaction | E30: Pan moves the report smoothly | F30: (Known issue: pan is unbounded — record the behaviour.)
A31: KRP-26 | B31: Verification checklist | C31: Interaction | E31: Rotating the device re-renders at the new width without crashing
A32: KRP-27 | B32: Verification checklist | C32: Interaction | E32: Back navigation leaves the screen cleanly and cancels any in-flight render
A33: KRP-28 | B33: Verification checklist | C33: Share and download | E33: Share opens the system chooser; the recipient app can open the PDF
A34: KRP-29 | B34: Verification checklist | C34: Share and download | E34: The share spinner shows during generation and both actions disable
A35: KRP-30 | B35: Verification checklist | C35: Share and download | E35: Rapid double-tap on Share starts exactly one operation (mutex)
A36: KRP-31 | B36: Verification checklist | C36: Share and download | E36: Rapid double-tap on Download starts exactly one operation | F36: (Known issue: currently fails — isExporting is never set. See §10.1.)
A37: KRP-32 | B37: Verification checklist | C37: Share and download | E37: Download opens the SAF picker pre-filled with RhythmPro_ECG_<timestamp>.pdf
A38: KRP-33 | B38: Verification checklist | C38: Share and download | E38: Saving writes a valid PDF to the chosen location and toasts success
A39: KRP-34 | B39: Verification checklist | C39: Share and download | E39: Cancelling the picker deletes the temp file and leaves no orphan in cacheDir/shared_pdfs
A40: KRP-35 | B40: Verification checklist | C40: Share and download | E40: The exported PDF opens in Drive, Adobe Reader and Chrome
A41: KRP-36 | B41: Verification checklist | C41: Share and download | E41: Filenames use Gregorian years on a device with a non-Gregorian default locale | F41: (Known issue — see §11.)
A42: KRP-37 | B42: Verification checklist | C42: Robustness | E42: Rendering ten reports in sequence causes no OutOfMemoryError on a 3 GB device
A43: KRP-38 | B43: Verification checklist | C43: Robustness | E43: NaN in a sample list does not crash the renderer
A44: KRP-39 | B44: Verification checklist | C44: Robustness | E44: A render failure is logged under tag ECGReportScreen and does not crash the app
A45: KRP-40 | B45: Verification checklist | C45: Robustness | E45: generateECGPdf returning null surfaces "PDF generation failed" to the user

Sheet Summary
B2: Release summary
B3: Formulas are live — these totals update as the checklist is filled in.
B5: Layer | C5: Blocking | D5: Checks | E5: PASS | F5: FAIL | G5: N/A | H5: Outstanding
B6: Test environment preparation | D6: =COUNTIFS('EXE Checklist'!$B:$B,$B6) | E6: =COUNTIFS('EXE Checklist'!$B:$B,$B6,'EXE Checklist'!$F:$F,"PASS") | F6: =COUNTIFS('EXE Checklist'!$B:$B,$B6,'EXE Checklist'!$F:$F,"FAIL") | G6: =COUNTIFS('EXE Checklist'!$B:$B,$B6,'EXE Checklist'!$F:$F,"N/A") | H6: =D6-E6-F6-G6
B7: Automated unit tests | C7: YES | D7: =COUNTIFS('EXE Checklist'!$B:$B,$B7) | E7: =COUNTIFS('EXE Checklist'!$B:$B,$B7,'EXE Checklist'!$F:$F,"PASS") | F7: =COUNTIFS('EXE Checklist'!$B:$B,$B7,'EXE Checklist'!$F:$F,"FAIL") | G7: =COUNTIFS('EXE Checklist'!$B:$B,$B7,'EXE Checklist'!$F:$F,"N/A") | H7: =D7-E7-F7-G7
B8: Build verification | C8: YES | D8: =COUNTIFS('EXE Checklist'!$B:$B,$B8) | E8: =COUNTIFS('EXE Checklist'!$B:$B,$B8,'EXE Checklist'!$F:$F,"PASS") | F8: =COUNTIFS('EXE Checklist'!$B:$B,$B8,'EXE Checklist'!$F:$F,"FAIL") | G8: =COUNTIFS('EXE Checklist'!$B:$B,$B8,'EXE Checklist'!$F:$F,"N/A") | H8: =D8-E8-F8-G8
B9: Installer | C9: YES | D9: =COUNTIFS('EXE Checklist'!$B:$B,$B9) | E9: =COUNTIFS('EXE Checklist'!$B:$B,$B9,'EXE Checklist'!$F:$F,"PASS") | F9: =COUNTIFS('EXE Checklist'!$B:$B,$B9,'EXE Checklist'!$F:$F,"FAIL") | G9: =COUNTIFS('EXE Checklist'!$B:$B,$B9,'EXE Checklist'!$F:$F,"N/A") | H9: =D9-E9-F9-G9
B10: First launch / cold start | C10: YES | D10: =COUNTIFS('EXE Checklist'!$B:$B,$B10) | E10: =COUNTIFS('EXE Checklist'!$B:$B,$B10,'EXE Checklist'!$F:$F,"PASS") | F10: =COUNTIFS('EXE Checklist'!$B:$B,$B10,'EXE Checklist'!$F:$F,"FAIL") | G10: =COUNTIFS('EXE Checklist'!$B:$B,$B10,'EXE Checklist'!$F:$F,"N/A") | H10: =D10-E10-F10-G10
B11: Licensing & device authorization | C11: YES | D11: =COUNTIFS('EXE Checklist'!$B:$B,$B11) | E11: =COUNTIFS('EXE Checklist'!$B:$B,$B11,'EXE Checklist'!$F:$F,"PASS") | F11: =COUNTIFS('EXE Checklist'!$B:$B,$B11,'EXE Checklist'!$F:$F,"FAIL") | G11: =COUNTIFS('EXE Checklist'!$B:$B,$B11,'EXE Checklist'!$F:$F,"N/A") | H11: =D11-E11-F11-G11
B12: Device / hardware | D12: =COUNTIFS('EXE Checklist'!$B:$B,$B12) | E12: =COUNTIFS('EXE Checklist'!$B:$B,$B12,'EXE Checklist'!$F:$F,"PASS") | F12: =COUNTIFS('EXE Checklist'!$B:$B,$B12,'EXE Checklist'!$F:$F,"FAIL") | G12: =COUNTIFS('EXE Checklist'!$B:$B,$B12,'EXE Checklist'!$F:$F,"N/A") | H12: =D12-E12-F12-G12
B13: 12-Lead ECG module | D13: =COUNTIFS('EXE Checklist'!$B:$B,$B13) | E13: =COUNTIFS('EXE Checklist'!$B:$B,$B13,'EXE Checklist'!$F:$F,"PASS") | F13: =COUNTIFS('EXE Checklist'!$B:$B,$B13,'EXE Checklist'!$F:$F,"FAIL") | G13: =COUNTIFS('EXE Checklist'!$B:$B,$B13,'EXE Checklist'!$F:$F,"N/A") | H13: =D13-E13-F13-G13
B14: HRV module | D14: =COUNTIFS('EXE Checklist'!$B:$B,$B14) | E14: =COUNTIFS('EXE Checklist'!$B:$B,$B14,'EXE Checklist'!$F:$F,"PASS") | F14: =COUNTIFS('EXE Checklist'!$B:$B,$B14,'EXE Checklist'!$F:$F,"FAIL") | G14: =COUNTIFS('EXE Checklist'!$B:$B,$B14,'EXE Checklist'!$F:$F,"N/A") | H14: =D14-E14-F14-G14
B15: Hyperkalemia module | D15: =COUNTIFS('EXE Checklist'!$B:$B,$B15) | E15: =COUNTIFS('EXE Checklist'!$B:$B,$B15,'EXE Checklist'!$F:$F,"PASS") | F15: =COUNTIFS('EXE Checklist'!$B:$B,$B15,'EXE Checklist'!$F:$F,"FAIL") | G15: =COUNTIFS('EXE Checklist'!$B:$B,$B15,'EXE Checklist'!$F:$F,"N/A") | H15: =D15-E15-F15-G15
B16: Reports & PDF | D16: =COUNTIFS('EXE Checklist'!$B:$B,$B16) | E16: =COUNTIFS('EXE Checklist'!$B:$B,$B16,'EXE Checklist'!$F:$F,"PASS") | F16: =COUNTIFS('EXE Checklist'!$B:$B,$B16,'EXE Checklist'!$F:$F,"FAIL") | G16: =COUNTIFS('EXE Checklist'!$B:$B,$B16,'EXE Checklist'!$F:$F,"N/A") | H16: =D16-E16-F16-G16
B17: History | D17: =COUNTIFS('EXE Checklist'!$B:$B,$B17) | E17: =COUNTIFS('EXE Checklist'!$B:$B,$B17,'EXE Checklist'!$F:$F,"PASS") | F17: =COUNTIFS('EXE Checklist'!$B:$B,$B17,'EXE Checklist'!$F:$F,"FAIL") | G17: =COUNTIFS('EXE Checklist'!$B:$B,$B17,'EXE Checklist'!$F:$F,"N/A") | H17: =D17-E17-F17-G17
B18: Cloud sync & offline queue | D18: =COUNTIFS('EXE Checklist'!$B:$B,$B18) | E18: =COUNTIFS('EXE Checklist'!$B:$B,$B18,'EXE Checklist'!$F:$F,"PASS") | F18: =COUNTIFS('EXE Checklist'!$B:$B,$B18,'EXE Checklist'!$F:$F,"FAIL") | G18: =COUNTIFS('EXE Checklist'!$B:$B,$B18,'EXE Checklist'!$F:$F,"N/A") | H18: =D18-E18-F18-G18
B19: Doctor review upload | D19: =COUNTIFS('EXE Checklist'!$B:$B,$B19) | E19: =COUNTIFS('EXE Checklist'!$B:$B,$B19,'EXE Checklist'!$F:$F,"PASS") | F19: =COUNTIFS('EXE Checklist'!$B:$B,$B19,'EXE Checklist'!$F:$F,"FAIL") | G19: =COUNTIFS('EXE Checklist'!$B:$B,$B19,'EXE Checklist'!$F:$F,"N/A") | H19: =D19-E19-F19-G19
B20: Dashboard, settings & auxiliary UI | D20: =COUNTIFS('EXE Checklist'!$B:$B,$B20) | E20: =COUNTIFS('EXE Checklist'!$B:$B,$B20,'EXE Checklist'!$F:$F,"PASS") | F20: =COUNTIFS('EXE Checklist'!$B:$B,$B20,'EXE Checklist'!$F:$F,"FAIL") | G20: =COUNTIFS('EXE Checklist'!$B:$B,$B20,'EXE Checklist'!$F:$F,"N/A") | H20: =D20-E20-F20-G20
B21: Performance on minimum spec | D21: =COUNTIFS('EXE Checklist'!$B:$B,$B21) | E21: =COUNTIFS('EXE Checklist'!$B:$B,$B21,'EXE Checklist'!$F:$F,"PASS") | F21: =COUNTIFS('EXE Checklist'!$B:$B,$B21,'EXE Checklist'!$F:$F,"FAIL") | G21: =COUNTIFS('EXE Checklist'!$B:$B,$B21,'EXE Checklist'!$F:$F,"N/A") | H21: =D21-E21-F21-G21
B22: Security | C22: YES | D22: =COUNTIFS('EXE Checklist'!$B:$B,$B22) | E22: =COUNTIFS('EXE Checklist'!$B:$B,$B22,'EXE Checklist'!$F:$F,"PASS") | F22: =COUNTIFS('EXE Checklist'!$B:$B,$B22,'EXE Checklist'!$F:$F,"FAIL") | G22: =COUNTIFS('EXE Checklist'!$B:$B,$B22,'EXE Checklist'!$F:$F,"N/A") | H22: =D22-E22-F22-G22
B23: Update & uninstall | D23: =COUNTIFS('EXE Checklist'!$B:$B,$B23) | E23: =COUNTIFS('EXE Checklist'!$B:$B,$B23,'EXE Checklist'!$F:$F,"PASS") | F23: =COUNTIFS('EXE Checklist'!$B:$B,$B23,'EXE Checklist'!$F:$F,"FAIL") | G23: =COUNTIFS('EXE Checklist'!$B:$B,$B23,'EXE Checklist'!$F:$F,"N/A") | H23: =D23-E23-F23-G23
B24: Regression checks for the 2026-08-13 fix set | D24: =COUNTIFS('EXE Checklist'!$B:$B,$B24) | E24: =COUNTIFS('EXE Checklist'!$B:$B,$B24,'EXE Checklist'!$F:$F,"PASS") | F24: =COUNTIFS('EXE Checklist'!$B:$B,$B24,'EXE Checklist'!$F:$F,"FAIL") | G24: =COUNTIFS('EXE Checklist'!$B:$B,$B24,'EXE Checklist'!$F:$F,"N/A") | H24: =D24-E24-F24-G24
B25: TOTAL | D25: =SUM(D6:D24) | E25: =SUM(E6:E24) | F25: =SUM(F6:F24) | G25: =SUM(G6:G24) | H25: =SUM(H6:H24)
B27: Blocking layers clear? | D27: =IF((F7+F8+F9+F10+F11+F22)>0,"NO — blocking failures",IF((H7+H8+H9+H10+H11+H22)>0,"NOT YET — checks outstanding","YES"))
B29: Release decision
B30: ☐ | C30: APPROVED — all blocking layers green, remaining defects accepted
B31: ☐ | C31: REJECTED — blocking failures recorded in the Defect Log

Sheet Defect Log
A1: Defect log
A2: Severity — Blocker: ship-stopping · Major: workaround exists · Minor: cosmetic
A4: # | B4: Check ID | C4: Severity | D4: Summary | E4: Steps to reproduce | F4: Raised by | G4: Date | H4: Status
A5: 1
A6: 2
A7: 3
A8: 4
A9: 5
A10: 6
A11: 7
A12: 8
A13: 9
A14: 10
A15: 11
A16: 12
... A44: 40

Sheet Sign-off
B2: Release sign-off
B3: Sign only when the Summary sheet reports blocking layers clear.
B5: Role | C5: Name | D5: Signature | E5: Date
B6: QA Engineer
B7: Engineering Lead
B8: Clinical Reviewer
B9: Release Manager
